{
  "REINFORCE": [
    {
      "episode": 1,
      "total_reward": 2.23713406059478,
      "final_value": 58077.42594695309
    },
    {
      "episode": 2,
      "total_reward": 1.9160125357044815,
      "final_value": 51605.06786113971
    },
    {
      "episode": 3,
      "total_reward": 2.275853768154908,
      "final_value": 57003.23537485469
    }
  ]
}